Epoch,train_gen_loss,train_gen_ssim,train_gen_psnr,train_disc_loss,train_disc_acc,test_gen_loss,test_gen_ssim,test_gen_psnr,test_disc_loss,test_disc_acc,Elapsed Time (Seconds)
1,5.272694895002577,0.08853217856958508,11.320665317111546,0.3197979682560496,0.916296300623152,8.973952157156807,0.07085159846714564,11.073175702776227,0.4217786363192967,0.9952380997794015,27.627273321151733
2,4.57238167391883,0.12029049444633225,11.463747930526734,0.18547430338114484,0.9531481527619892,10.522780214037214,0.06797599739262036,11.062742028917585,1.9773750347750527,0.8047619121415275,6.892254829406738
3,3.7898732878543715,0.12536570031402838,11.49633862177531,0.14284734220230483,0.9654321034749348,12.269226937066941,0.07231909391425904,11.09780824752081,1.500989404271379,0.833333344686599,6.881387948989868
4,3.2254517849948674,0.13102228185420647,11.526177991761102,0.11154561132323282,0.9728703742225965,13.768466642924718,0.08389749111873764,11.178206852504186,2.063469879944023,0.8309523952858789,6.926376819610596
5,2.876140389442444,0.13519140583980413,11.545575610266791,0.1054913737899988,0.9760000042120616,12.582912622179304,0.0939175056559699,11.253254972185408,4.783595270410297,0.7647619162287032,6.902281045913696
6,2.679613647637544,0.13541497046783288,11.553509721049556,0.09256749367566014,0.9791358062514552,10.864984427179609,0.10112127502049718,11.310709885188514,5.908779275969123,0.6761904864438942,6.899820804595947
7,2.5187593198957896,0.13626999031486256,11.560998866671607,0.08090513934098706,0.9817989453436836,9.501073333681846,0.10855808930129421,11.357307375693809,6.156894558289609,0.609523819037238,6.962626695632935
8,2.367395954993036,0.13834946020635672,11.56967822180854,0.07209202825848643,0.9839351884192891,8.458395006401199,0.11413870339414903,11.39291891029903,9.351121111415134,0.5333333416575832,6.934378623962402
9,2.232087301766431,0.1403114341440852,11.577820959208925,0.064496308383448,0.9856790152596839,7.63689395643416,0.11977346371563653,11.423500091310533,10.672311109956123,0.47619048370018835,6.9391186237335205
10,2.109244390990999,0.14252924985045362,11.585897347132365,0.05849192855192542,0.9870370397302841,6.970119460139957,0.12438573741487094,11.448434584481378,13.622996760086348,0.42952381633222103,6.937485456466675
11,2.0011348094603028,0.14442750585519457,11.593041321725558,0.05427924787630889,0.9880471406560957,6.4266587549989875,0.1282029632817615,11.469585480628076,14.284951117742231,0.39264069889466485,6.90758490562439
12,1.9145383085365648,0.14558101417583036,11.598544081052145,0.049811326332404114,0.9890432122680877,5.967543396211806,0.1304874669405676,11.485871121996928,16.466403252162266,0.3607142914884857,6.828984260559082
13,1.8381885609565638,0.1464392066614814,11.603230634510007,0.046126036143278405,0.9898860420936194,5.567707607379327,0.13288282996023093,11.50079487182282,16.51150879020797,0.3336996390678726,6.928142786026001
14,1.7659669214770908,0.14746595079241884,11.607876213770064,0.042831321684216425,0.9906084676583609,5.217915620122637,0.1353124190806126,11.514278042073155,15.726308545767543,0.3336734749300748,6.92867636680603
15,1.6967598121254532,0.1486177085705654,11.612488897818105,0.039975947658622245,0.9912345698144701,4.915833040078481,0.13731727734917684,11.525676872616723,14.989995979575214,0.34285714814350726,6.921303749084473
16,1.6331212861256468,0.14961671168825386,11.61671034230126,0.03747899356937265,0.9917824092010658,4.643282355740666,0.13917796160759668,11.536318080765861,14.361479627654393,0.35148810026501975,6.961375713348389
17,1.5740668058005813,0.15053861173161986,11.620651577344905,0.03527786351500353,0.9922657968951206,4.403343296852433,0.14071681375513556,11.545499673410625,13.828654285633675,0.3588235342264677,6.942506551742554
18,1.5205313647050918,0.15132542486003614,11.624184501318283,0.0333299051198227,0.9926954748453917,4.187413086020758,0.14213533468899273,11.553891984243243,13.332113065790004,0.36534391996997695,6.914767265319824
19,1.4715571437837087,0.15202397268254594,11.62740270101536,0.0315814049354894,0.9930799235377394,3.995166370070967,0.14334330237225482,11.56128071663075,12.892573939583723,0.37092732276795504,6.892417669296265
20,1.4257978859047096,0.15266133362065176,11.630422514279683,0.030004967383578485,0.9934259273608526,3.8210282374705593,0.14441994678761277,11.567986944743566,12.511748888147228,0.37357143304709883,6.918766975402832
21,1.3833578317726731,0.15323846906118058,11.633215007075556,0.02857877072640919,0.9937389784389071,3.662667976755675,0.1453455773239233,11.574042073723412,12.202356359905458,0.3750566938752626,6.897240877151489
22,1.3446402301390967,0.15371937028395785,11.635715955194799,0.02728401268891992,0.9940235703280478,3.516565507882602,0.14621437500630108,11.57972289370252,11.965768602292576,0.3751082297704824,6.9433088302612305
23,1.30906436080518,0.15415826649202602,11.638021347488182,0.026100070978723532,0.9942834150963935,3.3843142236611867,0.14696060699520644,11.584756282545765,11.7916870075682,0.37163561543229945,7.011558294296265
24,1.2758809868108345,0.15456682557317739,11.640169910589854,0.025023261832872453,0.9945216061340437,3.2631456381863084,0.14765958527901343,11.589383988153365,11.649687544500834,0.36388889358689386,6.98309063911438
25,1.2448962760898803,0.15493749262102777,11.642174455430773,0.024022999860785963,0.994740741888682,3.1516863315446044,0.14827381555523192,11.593611504690987,11.569333189824247,0.3521904808282852,6.88791823387146
26,1.2156557813286784,0.1552626275596742,11.644055955430382,0.023099666931519006,0.9949430210468097,3.046858340010539,0.14890412671061662,11.597732617304874,11.526247086364103,0.33992674443256726,6.96755313873291
27,1.1883267647199671,0.1555762962353849,11.64581489680726,0.022244425020250053,0.9951303165635944,2.9510402113356924,0.14942683756509154,11.60138387528677,11.526639442843994,0.3276895987136023,6.965709686279297
28,1.162432679439348,0.1558571054278651,11.647467564779616,0.021450703900039125,0.9953042338291803,2.8609399854832773,0.14994454463677748,11.604870562650719,11.552184790004521,0.3159863987595451,6.980093717575073
29,1.137672717897828,0.1561150444411027,11.64903090319871,0.02071176989841377,0.9954661568005879,2.7758807592791297,0.15038534613518878,11.608109417807292,11.634944163164134,0.30509031604369874,6.9072816371917725
30,1.1139818938021306,0.15634517927309152,11.650503260294597,0.020022409357496714,0.995617284907235,2.696643078752927,0.15077572716843515,11.61110236304147,11.746126369291492,0.2949206388422421,6.900416851043701
31,1.0917323555783986,0.1565442345892897,11.65185964953515,0.019377979354464586,0.9957586628134533,2.6221576598108096,0.1511511009890363,11.613933211647419,11.857544739891532,0.28540706984733105,7.0386879444122314
32,1.0708514572638603,0.15672390938949926,11.653112081686658,0.01877364217591136,0.9958912046005328,2.551720543631486,0.15147930732928216,11.616573078291756,12.017107728546437,0.27648809891460197,6.931735038757324
33,1.0504677489550425,0.1568861592338367,11.654330006994385,0.01820774294113983,0.9960157135520318,2.4844205152420775,0.15180668754108023,11.619156131496677,12.20035301059583,0.2681096716747655,6.906616449356079
34,1.0312836093548075,0.15701823691240954,11.655444252101427,0.01767304482314533,0.9961328984475603,2.421982474812941,0.15204196363812736,11.621425171860125,12.471988492850702,0.26022409309609595,6.94004487991333
35,1.0132780070531935,0.1571248183165869,11.656464839814204,0.017168984026253806,0.9962433870633443,2.3636325844696593,0.15231333384100273,11.623602555722606,12.69310582141215,0.25278911900763607,6.968060731887817
36,0.9963715589984697,0.1572186078821642,11.657405646642053,0.016693155609303657,0.9963477374226959,2.3083666866970445,0.1524972316350729,11.625556616556075,13.010014177501397,0.24576719903520175,6.903367280960083
37,0.980329065190421,0.15729093595405105,11.65827791884139,0.0162435511844164,0.9964464472220824,2.2555096569438704,0.15268042784284902,11.627452209649398,13.343435286736584,0.2391248423045206,6.899179220199585
38,0.9652306000217358,0.15735035969069697,11.659095596291172,0.015833827541004132,0.9965399617688697,2.207423680931106,0.15291133884312516,11.629307295146742,13.841743905918227,0.23283208329650693,7.035101652145386
39,0.952125232469322,0.15733085159992433,11.659738610748555,0.015432880933427918,0.9966286806978731,2.1625493901334845,0.153087049531631,11.630946980291235,14.40235557765507,0.2269841300071159,6.918026685714722
40,0.9404443126254609,0.15732137558697204,11.660315835475924,0.015053056903651798,0.9967129636804263,2.127850258243936,0.15324047790574175,11.632340567452568,14.85995503084762,0.2233333363197744,6.934530973434448
41,0.9309298623464293,0.15725130753308977,11.660747810043297,0.014711763686962896,0.9967841018829242,2.0882327274163015,0.15340398695929958,11.633858122476717,15.471255929791724,0.21800232580003007,6.929046630859375
42,0.9210348151821306,0.15728019302804513,11.66129753602245,0.014373694152723958,0.9968606708857117,2.049944727903321,0.15357064204860707,11.635177862076532,15.921950028216113,0.2128117942333627,6.964122295379639
43,0.9105764730340133,0.15735729457184824,11.66188442195725,0.014039481481982629,0.9969336785395324,2.0114604808959458,0.15375372438236726,11.636591800423556,16.130659501970175,0.20797342471654628,6.944575071334839
44,0.8994961354919154,0.15743618988634245,11.662512450507196,0.013720462363562813,0.997003367663634,1.9739405300903634,0.15388361928234628,11.63793288268052,16.285826942515996,0.2032467559729884,6.950742721557617
45,0.8881458506760773,0.15748065738329364,11.663102736296482,0.013415721368758344,0.9970699594933309,1.9375840590113689,0.1539794065413021,11.639172596401638,16.400062717859484,0.19883598150714993,6.923964738845825
46,0.8767461955619318,0.15750378111426847,11.663647609286842,0.01312417683694733,0.9971336560260846,1.9023836499415574,0.15407107434935452,11.640362413773625,16.487305664273674,0.19451346017003798,6.916371822357178
47,0.8657703758554255,0.1575124671125683,11.664133208299646,0.01284503077249207,0.9971946420680828,1.868578652435161,0.15411501386879425,11.641431405551526,16.579518384264745,0.190374875911101,6.933912992477417
48,0.8549700298794992,0.15749834166016186,11.664584185900516,0.012577558268171982,0.9972530870249977,1.8364140384254004,0.15415011264295098,11.64240505014147,16.662559809569238,0.18640873266295307,6.918023109436035
49,0.8442700640144261,0.1574911045271675,11.665026204980695,0.012320972265669045,0.9973091464734671,1.8057959543285846,0.15417395668978595,11.643311091831752,16.73708337889274,0.1826044728126887,7.012396335601807
50,0.8339308638672033,0.15746665275697075,11.665419048945115,0.01207478938672486,0.9973629635439978,1.7756596597603393,0.15419588389141223,11.64420348576137,16.81262251118061,0.17895238335643493,6.983755350112915
51,4.906411306063334,0.09288029567235045,11.334566794501411,0.21726691110783983,0.9577777789698706,8.164259297507149,0.07323943770357541,11.077992030552455,0.641562853540693,1.0,26.973902940750122
52,3.8003835519154867,0.12588031430625252,11.476834715737237,0.113274813754995,0.9788888894849352,8.628567593438284,0.07635350285896234,11.095683983394078,0.4396385837878499,0.9880952409335545,7.013889312744141
53,3.238795898578785,0.1355562060933422,11.523848978678386,0.08252164754764332,0.9858024696509043,7.804415362221853,0.08558349080738568,11.184658867972239,0.8869296347811108,0.9333333429836091,6.955778121948242
54,2.7906853202316495,0.13996774909190005,11.548499467637804,0.0647477787087458,0.9891666672295993,6.889635384082793,0.09652401254113233,11.266375098909652,1.7124796749225686,0.8273809616054807,7.004722833633423
55,2.4495185538132986,0.1461329717354642,11.570933560265434,0.05259563225381296,0.991259259780248,6.08149709701538,0.10727299292172705,11.335964420863561,2.7129908344575338,0.7419047704764774,7.022720575332642
56,2.2099196833592876,0.15087988191042787,11.587689223112884,0.04522663115512168,0.9925925931444874,5.250628410350708,0.116043991719683,11.39144481931414,4.630412957852795,0.6206349278134958,6.945756435394287
57,2.0230615948873854,0.15388531154465107,11.600090494610015,0.03893630762548359,0.9936507941238464,4.64635848634097,0.12322184481486984,11.432724057411662,4.489687981958292,0.5789115716304097,6.974411487579346
58,1.8637379561033516,0.15688260805586146,11.611138100094266,0.034188363164139444,0.9944444448583656,4.149036781064101,0.12954206079510708,11.46643660749708,4.664178911330445,0.5244047687655049,6.993108034133911
59,1.7325493269496495,0.15898287441167566,11.619991852324686,0.03045050966794844,0.9950617287629916,3.75156433951287,0.1343818009491005,11.493266605195545,6.211949359093394,0.4661375722360044,6.978272914886475
60,1.618578045136399,0.16053528018709687,11.627452629937066,0.027459387796548572,0.9955555558866924,3.4283905744552614,0.1379889980490719,11.514614609309605,6.40538579672575,0.42333333896739145,6.928109884262085
61,1.5210332969222407,0.16167454555103875,11.633696238199871,0.02498290561146437,0.9959595962606295,3.15973291381613,0.141071718669944,11.53218244577383,6.334858624385549,0.41774892342555064,7.056487321853638
62,1.4365402209538,0.16265598859431016,11.639119657763729,0.02292295656701021,0.9962962965722437,2.9326116357530867,0.143678352635886,11.547049590519494,6.613247396867901,0.38412698939265244,7.11416220664978
63,1.362664737329524,0.16333745385273402,11.643705178937342,0.021166217503133907,0.9965811968359173,2.7411623331871664,0.14574417312230384,11.559505850404172,7.09365650012598,0.3545787594393715,7.029146194458008
64,1.2956726957408211,0.16393322642774336,11.647957430945501,0.019661407941013086,0.9968253970619232,2.572217672455068,0.1475391338142205,11.570510299838318,7.544056544042364,0.3292517051937021,6.927887439727783
65,1.2381560704001677,0.1643750995480352,11.6514751151756,0.018354040266094333,0.997037037257795,2.4249631790887745,0.1490882570190089,11.580050314040411,7.857533284170288,0.30730159151412195,7.011489391326904
66,1.1861733795454108,0.16479096338928986,11.65467856923739,0.017208754585250414,0.9972222224291828,2.294311680431877,0.150466920575127,11.588458401816231,8.092276345007123,0.28809524204448933,7.011812210083008
67,1.1384652180219792,0.16517467351472065,11.657650160945318,0.016198179687968578,0.9973856211098192,2.178273737931452,0.1516690987060551,11.595908766033268,8.268101697834602,0.27114846310069585,6.973543882369995
68,1.0963488374595292,0.16547011480793172,11.660156387752956,0.01529977675907792,0.997530864381496,2.076736476686266,0.1527203299282562,11.602314093756297,8.419833377831514,0.2560846595951016,6.969862699508667
69,1.0582629604210634,0.1657246893849115,11.662395606124608,0.01449559321989396,0.997660818887733,1.984117091710406,0.15365152736019372,11.608135567571884,8.559299086829775,0.24260651961641208,7.039949178695679
70,1.0227934319443175,0.16595573889505533,11.664476225641037,0.013772222652820573,0.9977777779433463,1.8988867074251174,0.15450233958129372,11.613483912604195,8.70857697012169,0.23047619363559146,7.044492721557617
71,0.990434698957615,0.16614832229833437,11.666305921948144,0.013117750213918181,0.9978835980412822,1.822007747734485,0.1552671090934147,11.618289960484926,8.863894622848958,0.21950113679580138,7.0754077434539795
72,0.9599802551847518,0.16632671842182226,11.668041305349329,0.012523084388856824,0.9979797981303148,1.752067958186199,0.15592973575286279,11.622561467158329,9.056420460633644,0.20952381239599224,7.026325702667236
73,0.932646075330207,0.16644833550612995,11.66947753049325,0.011979424179066925,0.9980676329942142,1.6873162757165685,0.1565078397206268,11.626502505000333,9.265121564824389,0.20041408142225345,7.100391387939453
74,0.906612870242033,0.16658396493057134,11.670899855649028,0.01148110707924001,0.998148148286122,1.6280267623563607,0.15703181552124165,11.630051357405526,9.478515549518523,0.19206349469632622,6.9954235553741455
75,0.8821206892331444,0.16670694543752404,11.672202504052054,0.01102268008264107,0.9982222223546771,1.5749868373359954,0.157462772578001,11.633073087419781,9.659775290914945,0.18438095490847317,7.034613847732544
76,0.8590336048832309,0.16681285062247617,11.673416720903836,0.010599541530685212,0.9982905984179588,1.5242144366378314,0.1579162581813532,11.636025025294376,9.81335019909746,0.17728937971968575,6.9639270305633545
77,0.8377786104325897,0.16688685830329916,11.674452617629564,0.010207945741828848,0.9983539095876639,1.4777101387107183,0.15834125310734468,11.638693350332755,9.939258129902619,0.1707231063967344,6.922075986862183
78,0.817835459592087,0.16695685022850593,11.675391002306862,0.009844450428820688,0.9984126985309617,1.4332909578723567,0.15873835807932274,11.641258521955839,10.072486399159748,0.16462585259685106,6.90169882774353
79,0.7994195707856011,0.16700050618313964,11.676208294397112,0.00950628195438547,0.9984674330643768,1.3928039488680846,0.15908237390697297,11.643527585297383,10.229242398600862,0.1589490990590286,6.907715320587158
80,0.7817593051162032,0.16704586080792874,11.676987406059546,0.00919074701547389,0.9985185186288975,1.3540004481162344,0.1593852061068728,11.645637943631128,10.412987144575233,0.15365079575706098,6.890145778656006
81,0.7651538628670905,0.1670528037239894,11.677618631068949,0.008895099702364751,0.998566308350546,1.316955402424808,0.15966499856059452,11.647629619194067,10.602522167535973,0.14869431847457515,6.896457672119141
82,0.7490532510448248,0.16705191799103175,11.6782011234098,0.008617940622887468,0.9986111112145915,1.2829546595125327,0.15987395470230176,11.649368298905237,10.789358222923642,0.14404762102224467,6.973021745681763
83,0.7338049146462772,0.16702469871175607,11.678690470107876,0.008357564558917924,0.9986531987535432,1.251761975484493,0.16002096488942832,11.6508731429195,10.96552821032671,0.13968254159732815,6.921835422515869
84,0.7194607147788691,0.16697134796676094,11.679075148838015,0.00811232156547547,0.9986928105549095,1.2216160626721984,0.16013265765827744,11.652275389983874,11.11627577013579,0.13557423155034792,6.91597056388855
85,0.7057717097089404,0.16690681797999232,11.679383950309145,0.007881089895754196,0.9987301588247693,1.193650935985604,0.16022568681106278,11.6534616314635,11.236776292384889,0.13170068207748084,6.969905853271484
86,0.6924181149789581,0.1668373872870924,11.679670322971576,0.0076628201327209496,0.998765432190748,1.1655399889818259,0.16030743648667659,11.654637056683738,11.35140209237025,0.1280423297975508,6.908136367797852
87,0.6795935447151596,0.16674018970190044,11.679856725068419,0.007456407314594735,0.9987987988882953,1.138832384037235,0.16037241229967264,11.655683959312881,11.461090366640148,0.12458172628950889,6.89244818687439
88,0.6673996093938923,0.16661160314096168,11.679938307700795,0.0072608129784215245,0.9988304094438665,1.1143170995707798,0.16039868215925265,11.656559732623567,11.57721149008301,0.12130325980820604,6.900275468826294
89,0.6556898996616022,0.16648920771381961,11.679990283987799,0.007075138855481957,0.9988603989453058,1.0909136494983247,0.1604095373316344,11.65729515369122,11.699038106279497,0.11819291981312383,6.9659082889556885
90,0.6444241932696767,0.16634626780015727,11.679961377514731,0.0068987845159758365,0.9988888889716732,1.0683496928640774,0.16039528715025103,11.657973810604641,11.819031881274922,0.11523809681779573,6.87128210067749
91,0.6339836077254801,0.16618778929619124,11.679847161362808,0.006731014125031356,0.9989159892406567,1.0470915680770674,0.16037850592038774,11.658569232927382,11.931454624292744,0.1124274115295568,7.071963310241699
92,0.6238103293532891,0.16603297962457259,11.679719386025079,0.006571189188158342,0.9989417990206411,1.0262393914416532,0.16035747372222192,11.659100607138914,12.032071352663902,0.10975056839790069,6.977204322814941
93,0.6136491898687928,0.16587253730715246,11.679592720790733,0.006418886427482626,0.9989664083457425,1.0061476778894958,0.16033225995411116,11.659602421858779,12.130812308172452,0.10719822959794952,6.9205591678619385
94,0.6038769897750833,0.16570884232700925,11.679422406475952,0.006273421881949195,0.9989898990651574,0.9881163507748346,0.16025206859090502,11.659958749622495,12.240732870173533,0.10476190619799612,6.983204126358032
95,0.5943363842901624,0.1655306723189575,11.679221940217191,0.0061344649601235745,0.9990123457525983,0.9697123680559414,0.16017195654530378,11.66028804779053,12.345371399843506,0.10243386383804065,6.961386680603027
96,0.5853392880661908,0.16534115545325667,11.678949841669791,0.006001449976203722,0.9990338164971071,0.9531122287099035,0.16009100111236116,11.6605402756922,12.445516653544045,0.10020704071112672,6.943649768829346
97,0.5768370836620917,0.16515672584075317,11.678643777635362,0.00587406136464284,0.9990543735929134,0.9362632984629518,0.1600277070239141,11.66077561943727,12.534333515176295,0.09807497601514531,6.982977867126465
98,0.5687191916664166,0.1649692476787432,11.678313800140662,0.005751979845266226,0.9990740741430609,0.9205554097536064,0.15994496045944592,11.660959666683562,12.619982088472518,0.09603174734816311,6.954167366027832
99,0.5608853925129319,0.16477689254699518,11.677965415037677,0.0056348578349081435,0.9990929705891209,0.905358650572272,0.15984275990298819,11.661069166556045,12.69519114064232,0.09407191576962917,6.923989534378052
100,0.553114499727885,0.1645807620642914,11.677622685962252,0.005522450568933637,0.9991111111773385,0.8905416010107312,0.15974925855440755,11.661157542637419,12.762538143438952,0.09219047745423659,6.98323130607605
101,0.5456842820434009,0.1643867217434453,11.677260735455679,0.0054144133140299425,0.9991285403699397,0.876099728611337,0.15965160390450844,11.66128122238886,12.837605985815452,0.09038282103356528,6.949861764907837
102,0.5385274273669745,0.16418718118936976,11.676861229920995,0.005310554311171365,0.9991452992089793,0.8618412570270535,0.15953193307127606,11.661360221904715,12.91854247864295,0.08864468985984288,6.901843547821045
103,0.531621411142859,0.1639788291950084,11.676432793095424,0.005210613559985695,0.9991614256389986,0.8483132118725712,0.15940134931164937,11.66136334205895,12.997589691509457,0.08697214854173263,7.092855930328369
104,0.5249958978161031,0.16377000992910734,11.675996268433304,0.005114358721674452,0.999176954793832,0.8350750529379757,0.15928138801384545,11.66137052969958,13.071306086603613,0.0853615531983672,6.972966194152832
105,0.5183717389600445,0.16357874500254793,11.675602288101656,0.005021600582792685,0.9991919192521259,0.822815784386226,0.15915623207564483,11.661317364581222,13.146021131300309,0.0838095249583969,7.029538154602051
106,0.5118274684004959,0.16337948623852486,11.675187455850931,0.004932270101118031,0.9992063492654808,0.8107203938142985,0.15904066545356604,11.661249041557314,13.21642480018948,0.08231292629842553,6.971031665802002
107,0.5057812733593856,0.16317935847036444,11.674740544815508,0.004845944291848425,0.9992202729625776,0.7993045914964867,0.15892264154508604,11.661203023485076,13.300008911723483,0.08086883987213736,6.969807386398315
108,0.49972283589257593,0.16297960372648823,11.67429456381962,0.004762626283905564,0.9992337165321884,0.7884918835215967,0.1588063909227185,11.661124339831876,13.374556742755358,0.0794745495295143,6.990301132202148
109,0.49388293549278134,0.1627765734506361,11.673831588220686,0.004682109768948913,0.999246704387575,0.7775980590619417,0.1586931404222444,11.661040287618201,13.449307002289533,0.07812752326630219,7.03571081161499
110,0.4880781305940063,0.16258499938787688,11.673401552129674,0.004604245917450781,0.9992592593144488,0.7666591204702854,0.15854870017972736,11.660901112783526,13.522729246282863,0.07682539787853049,6.964737415313721
111,0.482495476021847,0.16237034131798267,11.672910797834831,0.00452902349836778,0.9992714026043759,0.7569668233150342,0.1584232728797463,11.660749375122215,13.589703961229716,0.07556596512642343,6.945641279220581
112,0.4770459196874104,0.16216303940835716,11.672421385310459,0.0044561634051021645,0.999283154175273,0.7471269373932192,0.1582965853319328,11.660563748003703,13.653229196397117,0.07434715923728757,6.975329875946045
113,0.4720152674173867,0.1619526177874686,11.671906328117197,0.004385638439061903,0.9992945326804274,0.7378736963651888,0.1581939427169408,11.660400012182812,13.709287277323591,0.07316704559860046,7.0052103996276855
114,0.46700268425564795,0.16176610393643692,11.671470662289197,0.004317269955443846,0.9993055556072957,0.7289906513178721,0.15807238907187382,11.660203154597966,13.769833642889616,0.07202381051112233,6.912951231002808
115,0.46224943547804126,0.1615707523515846,11.671004376859749,0.0042510286055207685,0.9993162393671836,0.7195423323210779,0.15797096429454102,11.660028969062557,13.824119309442388,0.0709157518878743,6.9402711391448975
116,0.45768634863824953,0.1613891040881224,11.670570118419251,0.004186780279789567,0.9993265993767717,0.7111475325604796,0.15786305935126108,11.659876773883774,13.88477807582328,0.06984127079866408,6.9840476512908936
117,0.45320164711148186,0.16120628812605176,11.670123958113185,0.004124429004570233,0.9993366501323423,0.7026440701060203,0.15775919314037,11.659762526880197,13.94555334587977,0.06879886377181835,6.982842445373535
118,0.4487263859864446,0.1610383384434957,11.669702332471715,0.004063916451436658,0.9993464052774549,0.6939148026510696,0.157640192164656,11.659621819728565,14.01022930045714,0.06778711577517396,6.978334665298462
119,0.4443169477601174,0.160862072399441,11.669259062903711,0.004005165903012307,0.9993558776647382,0.6859177759468679,0.15751078546695088,11.659450511261053,14.071521361576353,0.06680469380741781,7.0052711963653564
120,0.4399920366184106,0.1606889631108396,11.668820153796489,0.0039480634690596044,0.9993650794123847,0.677912250556508,0.15738763387257956,11.65929799177209,14.130367860410898,0.06585034103874042,6.975527048110962
121,0.43575035119327205,0.16052059640755212,11.668390163308208,0.003892586179109755,0.9993740219558723,0.6699128215851439,0.15725383906806978,11.65913211891589,14.189169081074134,0.06492287144664548,7.051815986633301
122,0.43164037834439006,0.16034595180751277,11.667938159424587,0.003838649533177423,0.9993827160953741,0.6624728028943379,0.15711237606222905,11.658914730662394,14.244079362216688,0.0640211648987754,7.023977041244507
123,0.4277107375715058,0.16016250471081278,11.667463516717273,0.0037861906432898936,0.9993911720392731,0.6551749507391756,0.1569526440841228,11.658659571070963,14.301473310928056,0.06314416263988808,6.960877180099487
124,0.423861359415559,0.1599756060280018,11.666988383685508,0.0037351537469663574,0.9993993994441478,0.6481507040962979,0.1567857493376755,11.658393053474576,14.35979101501952,0.062290863144754446,7.020764589309692
125,0.4198909274637699,0.15979576643252819,11.666550403594975,0.003685470811283685,0.9994074074515591,0.6414743739934194,0.15663038396409582,11.65816269284203,14.420020177392734,0.06146031830282439,6.910168647766113
126,0.41619750347467716,0.15960971316954461,11.666074963759264,0.0036371064131471733,0.9994152047219333,0.6344445602394136,0.15647601754285564,11.657909871940326,14.477439872668427,0.06065162990410302,7.0696916580200195
127,0.412522248874323,0.15942603971696262,11.665602470717221,0.0035899971637928037,0.9994227994658044,0.6276306937101379,0.15632060892423807,11.657640954337891,14.536358056047412,0.05986394639885492,7.009305953979492
128,0.40889676551618465,0.15924010807409503,11.665127157553654,0.003544111702617304,0.999430199472653,0.6213497219286559,0.15617458741334117,11.65733553813054,14.589636442343616,0.05909645990656191,7.001987934112549
129,0.4054222066830398,0.15905740432462195,11.664657121569803,0.0034993614965235483,0.9994374121375561,0.6148962463516655,0.15603829554499385,11.657028544876072,14.641562300958213,0.058348403452048475,7.013965845108032
130,0.40209417518745694,0.1588766646359323,11.664175428019634,0.0034557287842973314,0.9994444444858367,0.6090509265927333,0.15590886588740566,11.656728426047733,14.692241262884016,0.057619048408897866,7.0866570472717285
131,0.3987928930848878,0.15870177912154074,11.663723645910155,0.0034131553022962845,0.999451303195888,0.602845475813489,0.15577957670761167,11.656477088860944,14.743524680403599,0.0569077021322448,7.01984429359436
132,0.39547643486844497,0.15852837429046232,11.66327514932731,0.003371613598503615,0.9994579946203285,0.5971139577778791,0.15564176425311835,11.656210349411914,14.791225590694452,0.0562137057647784,6.999662637710571
133,0.3923108060406633,0.15835065911442964,11.662803988092877,0.0033310683637080758,0.9994645248056258,0.5913916506681098,0.15549432554902598,11.65595100586673,14.842195640050402,0.05553643220134734,7.0609450340271
134,0.3891977739604141,0.15817948096239617,11.662353515246561,0.0032914945026640183,0.9994708995103206,0.5857705395085878,0.1553652019233627,11.655708986074746,14.885509712684929,0.054875284198950346,6.971463441848755
135,0.38610752002963056,0.15801734265694825,11.661920107174547,0.0032528435786886613,0.9994771242219639,0.5803669581268015,0.15523573446298852,11.655467592768307,14.927121647591353,0.054229692620139165,7.051618337631226
136,0.38309169701789086,0.15784933406436094,11.661473356291308,0.003215105954941274,0.9994832041728713,0.5750863840586918,0.155100954139599,11.655183671716834,14.965910424747541,0.05359911479897476,6.964902639389038
137,0.38001919027089615,0.15768241481867412,11.661036885530711,0.0031782294486700185,0.9994891443547923,0.56977213643895,0.15495688949630573,11.654870714460099,15.00562846946893,0.0529830330196762,6.976847887039185
138,0.3770946146266516,0.15751062630054855,11.660575598899767,0.003142197280416915,0.9994949495325788,0.5648226712455418,0.15482546919473003,11.654568282040684,15.04156931298604,0.05238095309899806,7.059370517730713
139,0.3742494280004732,0.15734353736647583,11.660129452227954,0.0031069649109915385,0.9995006242569319,0.5596164126864024,0.15469112213144912,11.65427013231893,15.07984148166823,0.05179240306417786,7.006137132644653
140,0.3714454414681704,0.1571767985650603,11.659686619558455,0.003072521367453751,0.9995061728762993,0.5544735345930334,0.1545505583108891,11.653963428073459,15.11948872173117,0.051216931919020325,7.002538681030273
141,0.3685925223338116,0.15701073055475118,11.65924614905147,0.003038825808608265,0.9995115995479883,0.5495542088579065,0.15441366385089553,11.653662612711429,15.158184682859735,0.050654108491338785,6.971395254135132
142,0.36578224250587865,0.15684238065367093,11.65879960048602,0.0030058570912120538,0.9995169082485537,0.5447625576154046,0.15427713885741395,11.65336747495284,15.197039156527442,0.05010352035556336,7.02533221244812
143,0.36305236289168624,0.15667502566896108,11.658351375438553,0.002973593875643528,0.9995221027835154,0.5401492282897005,0.15414224062029122,11.653072471442862,15.234785218690218,0.049564772824858376,6.9813408851623535
144,0.36039126327450677,0.15651003562979596,11.657909307637679,0.002942017665829345,0.9995271867964567,0.5356708513487889,0.1539996354968081,11.65278251120385,15.275203217421081,0.049037488007572655,7.0260679721832275
145,0.3577356257908351,0.1563493565034274,11.657476365161921,0.002911108103056063,0.9995321637775467,0.5315107859783155,0.15387884786814682,11.652510023475593,15.308385326562075,0.04852130392328241,7.052251100540161
146,0.355170849140699,0.1561889056284498,11.657043856051237,0.0028808423255343566,0.9995370370715305,0.5271065264020026,0.1537288461556836,11.652209659417473,15.349346763609601,0.048015873674081555,7.021806955337524
147,0.3527203907654594,0.15603151116200126,11.656618901107459,0.0028512075428400977,0.9995418098852261,0.5232821368778313,0.15361681010502784,11.65195103983816,15.380024125829713,0.04752086466713226,7.031847238540649
148,0.3503052323541336,0.15588435291221828,11.656225897449486,0.0028221582938595152,0.9995464852945606,0.5190540754315022,0.1534832666951175,11.651681847196976,15.416990776038553,0.047035957884814586,6.982452154159546
149,0.34793810614423387,0.1557306483885489,11.655811761070451,0.0027937144243936765,0.9995510662511812,0.5149151245924989,0.1533519876650488,11.651406037687053,15.452376168463138,0.046560847199109384,6.9883527755737305
150,0.34561124600511456,0.1555738774980936,11.655386803838944,0.0027658353296459563,0.9995555555886694,0.510981203594378,0.15322616988526927,11.65109997885568,15.481733141903367,0.04609523872711829,7.032150030136108
151,0.3431933525929225,0.15541995172773063,11.654980182332963,0.0027384956753545124,0.9995599560283854,0.5070610525563379,0.1530950687024769,11.65080750747314,15.514885091313715,0.0456388502248696,7.0348429679870605
152,0.3409006714098528,0.15526284990316838,11.654553324360736,0.0027116916404522824,0.99956427018497,0.5031288046629822,0.15296488923623286,11.650491153492649,15.544072285691064,0.04519141051678264,7.0628650188446045
153,0.33867976576081815,0.15510646012825682,11.654117666530508,0.002685408317177019,0.9995685005715236,0.49941495322362717,0.15283801104361905,11.650165293319217,15.570464104723998,0.044752658958367275,6.9736738204956055
154,0.3364668611349521,0.1549540055672933,11.653698576108004,0.0026596284642989576,0.9995726496044898,0.49580131522328635,0.15271185437258294,11.649861549283125,15.599208966327403,0.04432234492992144,6.946064233779907
155,0.3343496634278978,0.1548033657807995,11.653283238789392,0.002634342115649151,0.9995767196082566,0.4921906046518662,0.1525904953530451,11.649583842478645,15.627003949617043,0.04390022735916028,7.0272440910339355
156,0.33219191138349485,0.15466103400660203,11.652899396544482,0.002609524729203765,0.9995807128194993,0.4886357871730211,0.1524439708774061,11.649259479862021,15.658469195896886,0.043486074270866315,7.026745319366455
157,0.3301112604390361,0.15451960619790472,11.652521801688094,0.002585183727264097,0.9995846313912797,0.4849908254115539,0.15233506865610427,11.649023714307475,15.685758158683937,0.043079662361792795,7.016960620880127
158,0.3280729474419336,0.15438484385601967,11.652158585791724,0.0025612774808198633,0.999588477396916,0.4815979006567171,0.15221610697350962,11.64876706385739,15.710890352036115,0.0426807765991836,6.9616546630859375
159,0.32601469456959625,0.15424424055299207,11.651782660333632,0.0025378156598871828,0.9995922528336416,0.4782309352980528,0.15208681107914931,11.64847707310948,15.7376383506494,0.04228920984139293,7.029312372207642
160,0.32408660997646016,0.15409774758109845,11.651379956524782,0.0025147760792096608,0.9995959596260631,0.47495484420328166,0.1519524726823166,11.64815398748819,15.762058510350716,0.04190476247919845,7.0810229778289795
161,0.32214761373062084,0.15395311252125454,11.650987023133059,0.002492152196431785,0.9995995996294318,0.47173918748665183,0.1518145849738879,11.647821799515144,15.78645519824025,0.041527242096502964,6.999199151992798
162,0.3202089082434891,0.1538106421847636,11.650597099368536,0.0024699340629252913,0.9996031746327405,0.46849793861905215,0.15168167715797162,11.647502033077942,15.810901415230214,0.041156463149212764,7.023380994796753
163,0.31826865688339967,0.15366731687332622,11.650202364813731,0.0024481104898777814,0.9996066863616543,0.46539689883985336,0.15155527689382337,11.647198099553512,15.833368884571433,0.04079224666116663,6.986488103866577
164,0.3163946712280661,0.1535278157049656,11.649812129412943,0.0024266682302045944,0.9996101364812889,0.46214822068212913,0.15143567882478234,11.646907868540678,15.853865639850461,0.04043441993606868,7.009703874588013
165,0.3145428836288083,0.15339352706744191,11.649439759646063,0.0024056009596156733,0.999613526598843,0.4589720901680288,0.1513095596608538,11.646622387666882,15.879663193392458,0.04008281628445069,7.006537675857544
166,0.3127221085987556,0.15325982292857152,11.6490722196769,0.0023849060225081603,0.9996168582660943,0.45598546716985583,0.15119627793892995,11.646364214385088,15.90161432386399,0.03973727476475715,7.1537675857543945
167,0.3108969975768783,0.1531283453867505,11.648715703915329,0.0023645514191901608,0.9996201329817687,0.4529190903509055,0.15106541053443162,11.646082390213483,15.929135061391108,0.039397639937707944,6.989222526550293
168,0.30909800935227927,0.15299231466677626,11.648347664687595,0.0023445465755992418,0.9996233521937876,0.44983767624718934,0.1509386198076512,11.645811165216188,15.957605923871007,0.039063761633151096,7.04335880279541
169,0.3073963643163859,0.15285858931376436,11.647976200431449,0.0023248728801549463,0.9996265173014028,0.4469907293666381,0.15081382345627337,11.64553476725163,15.9842642555181,0.038735494728670834,7.005782842636108
170,0.30565924535712424,0.15272993104290913,11.647621931411605,0.0023055264274917655,0.9996296296572245,0.444255284800948,0.150694680289321,11.645265765417195,16.009691448101684,0.038412698939265244,6.98318076133728
171,0.30390640446887135,0.1526048721193146,11.647283018478243,0.002286498765421895,0.9996326905691482,0.44164245357075,0.15057773035296723,11.644991871316996,16.033593095267253,0.038095238617453134,6.964661359786987
172,0.30221302090093943,0.15247791878207304,11.646934022017518,0.0022677820196696564,0.9996357013021879,0.43893757250064,0.15045857902799473,11.644724312096628,16.05774967977886,0.03778298256321171,6.980860948562622
173,0.300616723191003,0.15235515154575113,11.646590813840957,0.002249367430312629,0.999638663080219,0.4364987439524628,0.15034910221773434,11.644448158494551,16.077199154701102,0.03747580384318561,6.890331745147705
174,0.29904064511693335,0.1522390711982485,11.646265283024015,0.0022312491979554873,0.9996415770876366,0.43391320426532054,0.15024132857073424,11.644204978019962,16.099426450491087,0.03717357961864379,7.113776922225952
175,0.2974746742023361,0.15212870338857182,11.645958496432836,0.0022134216560860246,0.9996444444709355,0.43135803338885303,0.15013495035256658,11.64395679146903,16.119356125644273,0.03687619098169463,6.940847396850586
176,0.2959306218823979,0.15201414941368235,11.645638018310388,0.002195878185180826,0.9996472663402137,0.4288650752085339,0.15002749279530003,11.643705541044138,16.13772203127881,0.03658352279930023,7.08694314956665
177,0.2944056403628457,0.15190020901813445,11.645322445830233,0.002178612944988959,0.9996500437706057,0.4262438089166704,0.14993253295363268,11.643458855567824,16.151529334343056,0.036295463564660076,7.069270849227905
178,0.2928975813414176,0.15178734172724143,11.645012509988415,0.00216161669951112,0.9996527778036479,0.4235550634413292,0.149831864438186,11.643186341438978,16.163714083926084,0.036011905255561166,7.042203664779663
179,0.29136016377368984,0.151669720842998,11.644690365015075,0.0021448857148635724,0.9996554694485809,0.4209303225566976,0.14972313874270168,11.64290696204303,16.180117524425977,0.035732743199316505,7.001228332519531
180,0.2898446292910946,0.15155112362793122,11.64435987179096,0.0021284101448566088,0.9996581196835918,0.4186635013833478,0.14962434400650826,11.642654301570015,16.194824175471126,0.03545787594393715,7.057546854019165
181,0.2883901733775528,0.1514352265543181,11.644034018447785,0.0021121835671557634,0.9996607294569995,0.4161949308310821,0.1495098038947244,11.642381837609815,16.215351987382313,0.035187205135204805,7.016570329666138
182,0.2869507856431858,0.15132422697532816,11.643721765460391,0.0020962039403364247,0.9996632996883859,0.41386991130083284,0.14942009781297794,11.642145334384146,16.231984845181174,0.03492063539933204,6.962742328643799
183,0.2854463728613148,0.15121900773231403,11.643429864040494,0.00208046449920155,0.9996658312696762,0.4115900349484158,0.14931389331321454,11.641875933883787,16.250443040316263,0.03465807423091601,6.939401388168335
184,0.2839856660151065,0.1511021946925998,11.643103956424973,0.002064963024604637,0.9996683250661711,0.4092357183840356,0.14921323585310087,11.641605087434819,16.266293372887407,0.034399431885909174,6.9791834354400635
185,0.2825347203424069,0.15099048025538164,11.64278486887614,0.002049687205479252,0.9996707819175329,0.4069464799351793,0.1491140976666458,11.641337782239162,16.28177960683744,0.034144621279346886,7.000932455062866
186,0.28110237834256835,0.15087613383874157,11.64245842843274,0.0020346350813858806,0.9996732026387275,0.40468435325980684,0.1490076802428342,11.64105506203756,16.297952815968568,0.03389355788758698,7.0270116329193115
187,0.2797479476658845,0.15075735191256417,11.642113305453064,0.002019802057227449,0.9996755880209265,0.40250061025087475,0.1489038224894324,11.64076939166152,16.3114824918593,0.03364615965483087,7.0112388134002686
188,0.27834796178816007,0.15064063706493758,11.641780573772733,0.0020051837622141557,0.9996779388323691,0.40025544658256984,0.14878970969614896,11.640473211774179,16.32872658654831,0.033402346903708906,7.011539697647095
189,0.27697969591594945,0.1505226931468451,11.641442305673896,0.001990775612747171,0.9996802558191866,0.3980534861413695,0.14868325064339716,11.640191352624692,16.343685508586027,0.03316204224972539,6.98193359375
190,0.2755749609005001,0.15040544124438418,11.641110003108071,0.0019765761168487024,0.9996825397061924,0.3959975792817315,0.1485690560305909,11.639903740980191,16.361237074115444,0.03292517051937021,7.009963512420654
191,0.2742466605095951,0.15028937464951303,11.640776932418019,0.0019625761396911395,0.9996847911976379,0.3938876284624184,0.14846901444995655,11.639644381243894,16.375388370292768,0.0326916586717151,7.094079494476318
192,0.2729363467503507,0.15018096805429196,11.640464324831777,0.0019487706928589883,0.9996870109779361,0.39183062899640386,0.1483606299051876,11.639397642262269,16.39458441561916,0.03246143572332274,7.180678129196167
193,0.2716792429698212,0.15007490972903648,11.640164596643574,0.0019351600162056844,0.9996891997123561,0.38968026464233746,0.14826404657233486,11.639170082656301,16.409906725262424,0.0322344326763065,7.081200838088989
194,0.27043716342010193,0.14997049615471225,11.6398696842017,0.0019217373929052975,0.999691358047687,0.38762140119936134,0.14815920847468078,11.638926522126278,16.425536003096823,0.0320105824493877,7.000234365463257
195,0.26923730965375436,0.14987833140881815,11.639607226857738,0.0019084972360201087,0.9996934866128754,0.38559317484571426,0.1480795214659181,11.638747981029196,16.437356233552755,0.03178981981180572,7.11775016784668
196,0.2680156660018151,0.1497852219121256,11.639346017939134,0.0018954377566996578,0.9996955860196365,0.38384541231271335,0.14799098078883208,11.638525723011298,16.448999148015282,0.03157208131994404,7.046406269073486
197,0.2668026799799273,0.1496850532973052,11.639060806236932,0.0018825572841794113,0.9996976568630404,0.381815497548952,0.14789606466078434,11.638289610081447,16.460667492190062,0.03135730525654306,7.073052167892456
198,0.26562511514810777,0.14958485427533502,11.638772160083326,0.0018698501078074584,0.9996996997220738,0.38003990383869085,0.1478082010249201,11.638059460518448,16.470481220546485,0.031145431572377223,7.0887675285339355
199,0.26445106794442325,0.14948538924907015,11.63849021334154,0.0018573176273400513,0.9997017151601808,0.3781330448433342,0.14771647351657327,11.637817300520378,16.479992288371054,0.030936401830280732,7.066199064254761
200,0.2632708534032658,0.14938503639427603,11.638205524232655,0.0018449531204272995,0.9997037037257795,0.3762259083099308,0.14763117373344445,11.637591292971662,16.489631101247806,0.030730159151412195,7.055581092834473
201,0.26210088652035735,0.14928741058453954,11.637918936215053,0.0018327489309198717,0.9997056659527611,0.37443433321356884,0.14753319936660855,11.637343884867779,16.502777546855672,0.0305266481636545,7.048650026321411
202,0.2609367317754274,0.14918950495680483,11.637634885450556,0.001820707474898639,0.9997076023609667,0.3726550050051813,0.14743612099200823,11.637109279632574,16.51757717016328,0.03032581495205151,6.908729553222656
203,0.25982827624615845,0.14909086310931674,11.63734465310257,0.0018088228697918632,0.9997095134566466,0.37088214944140246,0.1473459123375536,11.636891589445232,16.53188216470592,0.030127607011188426,7.015209913253784
204,0.2586846531703423,0.14899779901978216,11.637073133793404,0.0017970928716783368,0.9997113997329021,0.36896824812540757,0.14724878983741457,11.636661571120513,16.54762921368976,0.02993197319942746,7.001222610473633
205,0.25757151704107983,0.14890467279353664,11.63680206585956,0.0017855123864109676,0.9997132616701092,0.36726319544051644,0.14716689122780677,11.636456068539955,16.560515993270453,0.02973886369491503,7.0493996143341064
206,0.25644795374859897,0.14881405582534749,11.636541882471484,0.0017740792435472009,0.9997150997363266,0.3656430908379864,0.14707224840987407,11.63622094598009,16.574867262249132,0.029548229953280956,7.007711410522461
207,0.25538485683395307,0.1487218443583763,11.636274534037836,0.0017627927091103525,0.9997169143876875,0.363825644921508,0.14698664819969168,11.63600105063497,16.586985757030387,0.029360024666954327,7.007980823516846
208,0.2542825296447834,0.14863366840588016,11.636024546455568,0.0017516474158194063,0.9997187060687781,0.3621824221318388,0.14689929448202874,11.635772943927845,16.59840450295757,0.029174201726024238,7.026062726974487
209,0.25323067787074066,0.148544680095225,11.635768280522463,0.001740641996872462,0.9997204752129996,0.36055896311382496,0.1468264978455994,11.635570498703846,16.60694182011477,0.028990716180577542,7.0708959102630615
210,0.2521963519750473,0.14845950807729322,11.635517466002042,0.0017297742496936211,0.9997222222429183,0.35888311790435434,0.14674149624271585,11.63533968670028,16.61689693817336,0.028809524204448933,7.025144577026367
211,0.25113635331628814,0.1483739114590786,11.635268438430062,0.0017190418194658553,0.9997239475706021,0.35713947353473036,0.1466599083683241,11.635109555329919,16.625499133592484,0.028630583060321922,6.96893572807312
212,0.2501066875555878,0.14828842211647575,11.635015048967633,0.0017084425836302519,0.999725651597944,0.3556585623447436,0.1465781991792156,11.634868056685843,16.632714771680412,0.0284538510661224,6.932464122772217
213,0.24910191767191958,0.1482041843309135,11.634768275720537,0.0016979726774404567,0.9997273347169751,0.35406665949642285,0.14649851049813234,11.63462311463018,16.639354642875663,0.02827928756264926,7.002798080444336
214,0.24814524003493832,0.14812106982474202,11.63452546305773,0.0016876299991798304,0.9997289973101642,0.35260937800663367,0.1464265088489091,11.634407445528787,16.645096119856685,0.0281068528823892,6.973123550415039
215,0.24718093153478118,0.14804186658501023,11.634298908606125,0.001677412360817893,0.9997306397507086,0.35100768474918415,0.14635814469936606,11.634224747992187,16.65105159619411,0.027936508319465633,6.998748302459717
216,0.246212872453383,0.14796180094516223,11.634065397676219,0.0016673173117280188,0.9997322624028129,0.34956047209797225,0.14628569315317475,11.634027427732436,16.6569201603224,0.02776821610067367,6.9371702671051025
217,0.245237629002063,0.14787826601413398,11.633824974080365,0.0016573424853716684,0.9997338656219577,0.3480729253323695,0.1462110000335069,11.633807445000752,16.662380608217745,0.027601939357555862,6.9297568798065186
218,0.2442539582189133,0.1477935140338978,11.63358021123069,0.001647486540259891,0.9997354497551603,0.3466740551588384,0.14613453288987077,11.633594673507073,16.66833552187245,0.027437642099475173,7.028444290161133
219,0.2433047181430085,0.14770855800341146,11.633328536182233,0.001637748132359749,0.9997370151412245,0.3451671265380571,0.14606073061956862,11.633379423507478,16.672608788864444,0.02727528918764396,7.015807628631592
220,0.24237128487745532,0.1476268350647069,11.633081329196111,0.0016281239155750433,0.999738562110982,0.3436553005723892,0.14598807578890766,11.633176701008779,16.67794380244337,0.027114846310069583,6.991975784301758
221,0.2414229911036155,0.14754617581624466,11.632838408586036,0.0016186134111385098,0.9997400909875259,0.34226782881688245,0.14591631897372712,11.632972980202894,16.683051789476654,0.02695627995737912,7.08076286315918
222,0.240486142028951,0.14746945385992027,11.63260349229325,0.0016092114784647302,0.9997416020864357,0.3408592643271945,0.14585198770490698,11.63279081658272,16.687233590369306,0.02679955739948738,7.032233238220215
223,0.23955073783158606,0.1473933095482101,11.632373304985702,0.0015999177955495262,0.9997430957159938,0.3393376621453846,0.14578488593710348,11.632603612249303,16.692795049998995,0.02664464666307416,6.985852479934692
224,0.2386226086160061,0.14731937300670764,11.632147860557492,0.0015907309499788465,0.9997445721773962,0.3379247026833015,0.14571790046353747,11.632414249363796,16.697765848087066,0.0264915165098381,7.0015339851379395
225,0.23773551111585567,0.1472443030332289,11.631917114742222,0.001581649294470668,0.9997460317649539,0.33661471889335276,0.14565076465813484,11.632224105523564,16.70319167989857,0.02634013641549617,7.032458543777466
